﻿Designator,Footprint,Quantity,Value,LCSC Part #
"3.3V1, DR1, GND1, RSTB1, SCL1, SDA1",TestPoint_Pad_1.0x1.0mm,6,TestPoint,
"D1, D10, D11, D12, D13, D14, D15, D16, D17, D18, D19, D2, D20, D21, D22, D23, D24, D25, D26, D27, D28, D29, D3, D30, D31, D32, D33, D34, D35, D36, D37, D38, D39, D4, D40, D5, D6, D7, D8, D9",Diode_SOD-123,40,~,
"J1, J2, J3, J4",CON14_1X14_DRB_XF2C_TYC,4,XF2M-1415-1A,
J5,XF2M06151A,1,XF2M-0615-1A,
"MB1, MB2_5, MB2_4, MB2_3, MB2_2, MB2, MB3, MB4",Mouse_Bites_5,8,Mouse_Bites_5,
